epoch,step,val_loss
0,1562,0.05499521642923355
1,3125,0.05511751025915146
2,4688,0.05460755527019501
3,6251,0.054604656994342804
4,7814,0.054481953382492065
